{"NumModels": 1, "ModelIndexes": {"0": "PIPELINE_RANK_4"}, "ModelDescriptions": [{"Name": "PIPELINE_RANK_4", "ClassMaps": {"1": "Heater", "2": "LowPowerLoad", "3": "PC", "4": "Vacuum", "5": "nothing", "0": "Unknown"}, "ModelType": "Decision Tree Ensemble", "FeatureNames": ["ADCCurrentminimum", "ADCCurrentMaxP2PGlobalAC", "ADCCurrentP2P", "ADCCurrentMinMaxSum", "ADCCurrentPowerSpec_000001", "ADCCurrentPowerSpec_000007", "ADCCurrentIQR", "ADCCurrentmfcc_000003", "ADCCurrentmfcc_000014"], "FeatureFunctions": ["Minimum", "Global Peak to Peak of High Frequency", "Global Peak to Peak", "Global Min Max Sum", "Power Spectrum", "Power Spectrum", "Interquartile Range", "MFCC", "MFCC"], "knowledgepack_summary": [{"name": "Windowing", "type": "segmenter", "inputs": {"delta": 300, "input_data": "temp.raw", "train_delta": 0, "window_size": 300, "group_columns": ["segment_uuid", "Subject", "Label"], "return_segment_index": false}, "outputs": ["temp.Windowing0"]}, {"set": [{"family": null, "inputs": {"columns": ["ADCCurrent"]}, "outputs": [0], "function_name": "Minimum"}, {"family": null, "inputs": {"columns": ["ADCCurrent"], "smoothing_factor": 5}, "outputs": [0], "function_name": "Global Peak to Peak of High Frequency"}, {"family": null, "inputs": {"columns": ["ADCCurrent"]}, "outputs": [0], "function_name": "Global Peak to Peak"}, {"family": null, "inputs": {"columns": ["ADCCurrent"]}, "outputs": [0], "function_name": "Global Min Max Sum"}, {"family": true, "inputs": {"columns": ["ADCCurrent"], "window_type": "hanning", "number_of_bins": 16}, "outputs": [1, 7], "function_name": "Power Spectrum"}, {"family": null, "inputs": {"columns": ["ADCCurrent"]}, "outputs": [0], "function_name": "Interquartile Range"}, {"family": true, "inputs": {"columns": ["ADCCurrent"], "sample_rate": 16000, "cepstra_count": 23}, "outputs": [3, 14], "function_name": "MFCC"}], "name": "generator_set", "type": "generatorset", "inputs": {"input_data": "temp.Windowing0", "group_columns": ["segment_uuid", "Subject", "Label", "SegmentID"]}, "outputs": ["temp.generator_set0", "temp.features.generator_set0"]}, {"name": "Min Max Scale", "type": "transform", "inputs": {"pad": 0, "max_bound": 255, "min_bound": 0, "input_data": "temp.generator_set0", "passthrough_columns": ["segment_uuid", "Subject", "Label", "SegmentID"], "feature_min_max_defaults": null, "feature_min_max_parameters": {"maximums": {"gen_0020_ADCCurrentP2P": 16709.0, "gen_0041_ADCCurrentIQR": 13282.0, "gen_0002_ADCCurrentminimum": 21221.0, "gen_0021_ADCCurrentMinMaxSum": 44215.0, "gen_0043_ADCCurrentmfcc_000003": 101979.0, "gen_0043_ADCCurrentmfcc_000014": 99812.0, "gen_0004_ADCCurrentMaxP2PGlobalAC": 14877.728, "gen_0029_ADCCurrentPowerSpec_000001": 4697.086, "gen_0029_ADCCurrentPowerSpec_000007": 1439.0067}, "minimums": {"gen_0020_ADCCurrentP2P": 161.0, "gen_0041_ADCCurrentIQR": 32.0, "gen_0002_ADCCurrentminimum": 7251.0, "gen_0021_ADCCurrentMinMaxSum": 30373.0, "gen_0043_ADCCurrentmfcc_000003": -64307.0, "gen_0043_ADCCurrentmfcc_000014": -25534.0, "gen_0004_ADCCurrentMaxP2PGlobalAC": 155.09091, "gen_0029_ADCCurrentPowerSpec_000001": 32.985306, "gen_0029_ADCCurrentPowerSpec_000007": 27.665623}}}, "outputs": ["temp.Min_Max_Scale0.RCL.4", "temp.features.Min_Max_Scale0.RCL.4"], "feature_table": "temp.features.generator_set0"}], "sensors_columns": ["ADCCurrent"], "uuid": "10b58313-b815-436a-93ba-347d12b6c207"}]}